actual_rpps_number,old_rpps_number,rpps_cbw_uuid
200413000001910,200413000001008,bd664370-91a2-4d73-9f61-2941dbb1fe53
200413000001220,200413000001038,796def70-4e47-407b-a32b-6fae800feba8
200413000001260,200413000001028,88f65a49-5d6e-4e7b-8359-23ceeac1b3c3
200413000001584,200413000001014,31167854-7627-4b72-9dbf-5752bab54798
200413000001737,200413000001009,5c59b1e3-5a1b-4c9e-83da-b72ae704a43a
200413000001360,200413000001015,9d0f6c7d-6b57-44de-bb95-853293547d5e
200413000001686,200413000001012,1453695d-aa74-4451-9980-f2d4723a6658
200413000001328,200413000001031,65bbc621-3df7-4bd1-9afc-3caf86150d43
200413000001566,200413000001002,eb434050-a428-427e-9975-df6c26fcde7f
200413000001048,200413000001007,97a1bb09-9153-43f1-ad24-78694ddd7f40
200413000001318,200413000001024,0efed7be-99a0-4dad-9ddc-956997290ae0
200413000001202,200413000001027,6f4ff7f8-7c63-4bbe-9568-8cb1e35b2bd7
200413000001199,200413000001025,7f8fe5e4-f127-4b03-93aa-9e32a5a23c53
200413000001571,200413000001006,71346c77-eb60-486d-8d2a-fe527d85e861
200413000001790,200413000001005,3a7f736c-5146-4a69-bc44-3b26d43c3841
200413000001522,200413000001011,c9f6859d-1281-4f92-9690-8d5caa880023
200413000001788,200413000001004,7ed2e757-ba0f-402a-a605-4517724a0498
200413000001413,200413000001017,4c7fc0fe-89d6-43ec-a5e9-2566ba6cccd1
200413000001850,200413000001003,10fe80cf-75b4-4415-b5cf-27d3c24eaaae
200413000001195,200413000001023,6f69c002-5360-4ba2-8569-33db03cef551
200413000001834,200413000001034,5cc3e2e6-a69d-4990-aa26-85f7a2a0578a
200413000001437,200413000001032,9ae316e3-d88f-4cd8-a6f0-dbaf949d95ba
200413000001429,200413000001029,4d5ef3a1-2592-42d6-96b8-d26275ce210f
200413000001881,200413000001030,5b78e196-4a63-4086-b6d4-bca2f10b0f5d
200413000001838,200413000001037,46ad08e2-9832-4a5a-894a-e8117659b5bd
200413000001535,200413000001022,979df263-7119-45cd-9eda-abc7cb1e78ca
200413000001637,200413000001021,73e843f0-a76d-41da-9205-bc0d743b104a
200413000001841,200413000001001,61e55d21-bbc3-4d94-bb2b-92525302c004
200413000001587,200413000001016,30ff58e3-ee16-46e1-8328-892357acc30c
200413000001383,200413000001035,121c2cdb-d38a-4909-b0a3-aa52a0bfd13f
200413000001559,200413000001036,04a8c5d7-4d42-49dc-8007-538bf7ad904a
200413000001815,200413000001020,0e01dd53-2c6e-489e-bc52-e079b5db1238
200413000001362,200413000001019,3f3543ad-9f57-4f57-b33a-6c76a70e391a
200413000001551,200413000001033,2f351994-b829-43b1-adbb-225e7e56ae9a
200413000001822,200413000000873,787803a2-ae23-434d-9a78-add9b79a6a2a
200413000001654,200413000000680,430de5f3-9fa7-4c05-9853-38da35f7c93c
200413000001818,200413000000868,e815b0d7-5950-4f1a-9a74-cca4de415a29
200413000001723,200413000000759,13a343e3-cbf1-4bc5-95d6-43536f2a1c38
200413000001445,200413000000446,fc9dd804-65d2-42c3-bbb5-effafcadb214
200413000001167,200413000000143,d7d0a6c3-8f8b-4591-ac65-843a468bdf2a
200413000001381,200413000000375,02453b5d-5269-4aaf-a119-442769d91178
200413000001307,200413000000296,29ac354c-8a87-4335-8a8d-f0cd0bf7a236
200413000001604,200413000000625,ea920246-543e-4935-b44b-fd42bd1209ca
200413000001311,200413000000301,3bca57a2-a458-4e25-a1c6-e22054539773
200413000001802,200413000000849,663e498e-ffbf-45c9-b58e-6ee4bcbfade3
200413000001927,200413000000984,ad2bb66f-4781-4cc5-a519-1752c1cc6557
200413000001773,200413000000817,323a2f77-f22c-4a63-a514-dbf28885debd
200413000001246,200413000000227,e3b5748a-72cd-427c-8f3e-35a67f10f925
200413000001121,200413000000090,edcff72c-6b68-421a-aa18-0eb187006006
200413000001225,200413000000202,2497cf93-1a2b-4b46-83c0-9b40b7174596
200413000001295,200413000000283,b647376a-15c1-4560-bac4-046ab1343ac6
200413000001385,200413000000378,439bc585-f784-4c59-b58b-7c5a7adad4af
200413000001661,200413000000687,ab9a3abd-4008-4311-89ee-72514e1c4d84
200413000001653,200413000000679,5a00cad0-c034-45c3-935f-05aa71981eba
200413000001372,200413000000364,6a90665c-187b-465e-8612-13539afd3629
200413000001883,200413000000937,aef8b6d5-e7a9-4a42-b956-c2823731211a
200413000001332,200413000000322,de21521c-8653-4a92-9f4b-ceb3ead1d3bb
200413000001321,200413000000312,d50fbbc2-254b-440d-ae15-1265f1602c97
200413000001063,200413000000028,94e51546-c844-449a-bd7b-107fa2988540
200413000001693,200413000000723,ef24c6b4-d196-4a76-bde6-31b538ec5056
200413000001715,200413000000749,2fac41d8-659b-44c5-96e5-844d43030768
200413000001142,200413000000114,f8fbce35-ecfb-47d1-89c7-2ef60d455d2c
200413000001823,200413000000874,131f00e4-9164-4ffd-8343-394fb3b7f912
200413000001044,200413000000006,11e359db-c8c2-4ed0-8c21-4909e0c7ad1f
200413000001191,200413000000169,19600395-be94-433b-b2b6-4ed479ed0451
200413000001355,200413000000347,e2706750-286f-4926-ab4d-da82578870b5
200413000001736,200413000000775,f4387c3a-165d-406c-bd45-1eb72cabffd0
200413000001304,200413000000293,fedac141-3fad-490d-bca4-69f605a5b2d8
200413000001507,200413000000518,99b6b10a-3e9f-4d50-a547-fc3cb04865e3
200413000001513,200413000000525,bcd4f2d3-ab0f-4f5f-8bb8-22cd0c04dc13
200413000001119,200413000000088,73e1deb7-7e23-4f3e-ae1c-db8395a77dc8
200413000001798,200413000000844,be9af700-617a-42e5-8de2-73e033825837
200413000001375,200413000000367,0e119616-ae22-4c6b-9bf9-6d8049a8e312
200413000001849,200413000000901,25a05599-72a6-4a26-abfd-b3cbcd0ac6cb
200413000001431,200413000000431,b5023542-9831-4bca-a74a-4fcfe98942b2
200413000001409,200413000000408,7049450e-4774-4bd4-8d6b-7242ded82fc4
200413000001298,200413000000286,a984c156-6173-4487-962f-9377901a8031
200413000001669,200413000000697,468213e7-cdb1-43f0-9c51-a846da09ba58
200413000001610,200413000000630,67e3b847-7f07-4d95-96b1-f5cda1bea254
200413000001397,200413000000393,19227cdc-3965-4f83-8eb6-2482875d2e4a
200413000001389,200413000000383,e3bfb370-2dad-4747-9b4c-2b21650ad409
200413000001208,200413000000183,97de075d-9c6f-4163-a5a6-6f20dad01a67
200413000001187,200413000000164,867826a9-39ca-4959-a0bf-8ec2d6c5a7a0
200413000001635,200413000000662,8e92785d-08f5-462b-9c47-d6f4d5c9c57b
200413000001799,200413000000845,336df9ea-4532-45f3-8d2c-5c7e2ad40fab
200413000001345,200413000000336,6ba5bfea-a07f-4c12-83e6-d569903cdc36
200413000001452,200413000000454,7cf271bf-9955-4830-b44d-6028a57a722d
200413000001390,200413000000385,1475b41f-4a2e-4b42-b425-9a8fe2c78396
200413000001836,200413000000889,21324da9-2c5c-4cce-a53c-2b6cff48e601
200413000001784,200413000000831,e07b890d-2150-4e89-b097-6a338bf54635
200413000001235,200413000000212,2530275f-26f8-4085-9947-b18138a3e303
200413000001547,200413000000562,4890232f-0762-46fc-91ae-c75015bdf013
200413000001256,200413000000237,8f53017c-d0f5-4263-8f94-5e6ecde8310b
200413000001447,200413000000449,ea20df3c-223c-44b2-b0fb-598dab0a83bf
200413000001894,200413000000948,8fa6822c-55df-4ab6-befb-f8e4ab7c82f8
200413000001647,200413000000673,dbd58bdf-389e-4153-b32a-6adc2a12ce63
200413000001674,200413000000704,79bbdb6b-c312-4fa5-89fc-b2bb12a9af80
200413000001162,200413000000138,bd6c54eb-35a1-46d9-be9a-eca3a1046e3c
200413000001347,200413000000338,c0e3ae28-1bdb-4278-a975-23e5cb739516
200413000001281,200413000000267,35d1ef58-1e5f-4b39-a525-c58cc83a56c2
200413000001806,200413000000853,ee9bf5cf-e378-4f8c-8f4b-bcd7d268494a
200413000001343,200413000000334,33c1ba52-c9e9-47ed-a65b-0abf455ac7ef
200413000001848,200413000000900,f1503148-42f5-4d06-af1e-697831bb82f9
200413000001214,200413000000190,cf605c95-7383-42f7-b84a-6b2f60d551b3
200413000001626,200413000000650,a6c41e6e-0c35-46ee-ba62-cf7dbbad3487
200413000001929,200413000000986,2908ff18-6dac-4386-9cfd-28cb666cd617
200413000001051,200413000000012,d5890642-6f68-4b2d-ac18-0e50fde0f0fb
200413000001184,200413000000161,b1eba87d-e4b1-4a9a-995b-588dad6e3abb
200413000001625,200413000000649,b6d8ca7c-57a9-4e3c-81f3-b5bd051308b9
200413000001112,200413000000081,735a36ea-2286-4779-acf1-e1c7dcb3591a
200413000001408,200413000000407,c8e3b5d0-7a42-4198-8f85-ccbd1e12e14e
200413000001875,200413000000929,c89a482b-d812-445d-a58d-fdce8e668d61
200413000001810,200413000000857,f1ec4425-e030-4e0f-921e-2b46aa5a2097
200413000001076,200413000000042,da3505a0-7d51-42d3-9710-97493eb1dc1b
200413000001680,200413000000712,7db94a4f-0a92-4c26-b989-cd103c6d0e9e
200413000001691,200413000000721,4a03327b-0074-4ae2-8867-a799e9a7a754
200413000001519,200413000000532,13713ec0-6d37-4edc-a324-c0e508d2638e
200413000001257,200413000000238,5dc050a8-5eae-4b90-a13b-40cf4102ab98
200413000001763,200413000000806,df5cbf0b-c293-4a5f-8f46-591dc49b2561
200413000001211,200413000000187,9003eaed-4bf9-4c15-bf42-e5aa7ca72360
200413000001531,200413000000544,e8381526-9bcb-40ef-a79b-b84d065f3dc3
200413000001938,200413000000997,43625531-0677-48ff-8779-ccfc5dd7ebdb
200413000001712,200413000000746,7b839d52-fdad-4276-b79d-a45b2a9bf776
200413000001506,200413000000517,1c5bb545-4e1c-4841-a4c5-1f4143c28c1b
200413000001771,200413000000814,c2396dfc-b3a2-4a33-9c62-9da9c1b6b8b6
200413000001444,200413000000445,1ad6b4cd-161b-4918-a6e3-eb4e2794934d
200413000001288,200413000000276,d62ffcbe-7b89-4e0f-a713-a4f8819cf8a6
200413000001320,200413000000311,66857063-9005-44f9-b1b4-538b3b291a90
200413000001080,200413000000046,196bde78-c6a2-4665-a71a-c3ac5ebf4120
200413000001565,200413000000580,627f15a6-b8e3-4927-b9b1-302ae862a955
200413000001536,200413000000548,d185ca22-f98b-48a0-9d02-651aab7dd761
200413000001538,200413000000550,0ec24e36-f965-4c51-aea9-eaa54ec0b07f
200413000001428,200413000000429,d6321a9b-0c39-4047-8f00-8069878753e8
200413000001751,200413000000793,e6e1088f-0748-4201-ae57-4187dc580049
200413000001699,200413000000730,4b08eea2-e70b-436b-bfc9-88a53c9c8c70
200413000001455,200413000000457,b38cd38f-1521-431f-a880-5fcac88ae224
200413000001591,200413000000611,db743b33-822e-455f-b6fc-aae2e04839af
200413000001223,200413000000200,fd76ec2d-5777-401a-92e1-fe0ae13b3083
200413000001130,200413000000100,99c26119-dc45-46ac-9b4c-efd8e39e6a9c
200413000001075,200413000000041,dd803ef4-f411-4bcb-b376-7ba59a6965ad
200413000001057,200413000000020,14edff2b-0b42-413a-91d0-cc00e647c3d0
200413000001140,200413000000111,3a581bbf-fdb0-46e6-a5cd-7e065fb26067
200413000001280,200413000000266,22d830b9-0e74-495a-ad79-be3764ea9cb1
200413000001482,200413000000490,ab017f7e-f689-4887-bc99-be6ee1a50f15
200413000001464,200413000000469,4aad8231-5e5b-4541-b0a6-83a0d6565459
200413000001273,200413000000257,49d65190-acb3-473e-869e-7344b21cab13
200413000001272,200413000000255,740e92b7-3ed0-4cca-8959-869939be7d40
200413000001301,200413000000290,a88884c4-a919-4e03-8c54-92afc5bd4881
200413000001102,200413000000071,d28c94d5-fabe-4204-b561-22a8dc89466e
200413000001787,200413000000834,de398895-3bf4-484c-9340-89e81a4158eb
200413000001292,200413000000280,d8b3810b-16a8-43fa-8a7b-099d7cc68a6b
200413000001615,200413000000635,76cd92f1-4544-4800-8bbf-9a9a8e7f1219
200413000001100,200413000000068,0006192f-0525-4632-bffa-0a4a4661cde6
200413000001899,200413000000953,19419580-a2a7-4b45-8022-5e6dd789ffc4
200413000001840,200413000000893,c6ce4aaf-6023-4fb0-9dcc-79b9430175bf
200413000001601,200413000000622,1d14cd32-2aef-4c3b-b981-b6b86948ab87
200413000001589,200413000000608,55f2b0b9-cc67-450a-9c6c-6ed6a8a2514d
200413000001336,200413000000327,cb4f7037-f427-4791-a4ab-6f59ead70342
200413000001555,200413000000570,67cc58de-1f4c-483e-a93d-2cbb5d573d95
200413000001557,200413000000572,23070216-7ddf-4d8d-b794-91ca6b86697f
200413000001594,200413000000614,9eaa01dc-c081-42c3-ade1-652cefeb0289
200413000001832,200413000000884,d669782c-4db1-4b15-a79e-1432471c2bf3
200413000001658,200413000000684,88eb6f8f-033f-45fb-9206-b6ed92f2d9c4
200413000001137,200413000000108,ce4388d8-aa87-461e-9ccc-210cb0842e62
200413000001448,200413000000450,e2bbb4c4-0d6b-4f92-9817-0d04daa641a0
200413000001643,200413000000669,dfe78dac-f6f9-45c1-9ebb-4390b8702a49
200413000001742,200413000000783,7345c615-8f43-4c30-893a-7d1ed44d2c35
200413000001546,200413000000561,ec9698ab-00c5-4b65-a452-5ddef889e494
200413000001870,200413000000924,ffcedf97-8644-4f9e-b453-4c264771ee33
200413000001642,200413000000668,4c183308-31e4-46fc-a4ca-e1c29e31c185
200413000001141,200413000000113,229fdf89-7bc0-4ed5-a765-95aeb3fd2e15
200413000001163,200413000000139,402e6fd6-2dc0-45c2-9336-6b2e0881087b
200413000001468,200413000000473,44467144-f666-48c8-980a-bb61eeaa6111
200413000001517,200413000000530,8d148a65-64e0-4f7d-9830-33d6fb677466
200413000001159,200413000000135,5752ac9d-2d34-4600-87ba-c7938663acf6
200413000001920,200413000000976,4b3e2d1c-04d8-4158-aa2e-20a443600782
200413000001755,200413000000797,9f94f487-b9b2-4dad-902c-d7362132a6cd
200413000001673,200413000000703,de4b8376-7040-4f1d-82c7-46725c8f3a77
200413000001177,200413000000153,39df81d6-b1db-4cd5-985e-76565eba5aca
200413000001041,200413000000003,ed871704-ef13-4cef-a14b-a4c407966025
200413000001681,200413000000713,72b08e21-10df-46bd-9816-659a83131d7f
200413000001597,200413000000617,a32529e9-748a-4e58-8672-fe7636918d3a
200413000001185,200413000000162,737fe1cc-1582-4211-9d84-f3e687ec0c33
200413000001411,200413000000410,a47b5d12-ec86-492a-8247-98a5b0ae29b9
200413000001433,200413000000433,a57259ba-56c7-42f2-ba14-11fa88707147
200413000001221,200413000000196,1c624dd8-61a1-44d2-8662-bd9e13d82565
200413000001770,200413000000813,ebb08c82-38c4-400a-9606-ee2d174de8cd
200413000001631,200413000000657,38c7ccea-bd0a-449b-9ab7-20a592ca15e9
200413000001792,200413000000837,48dba7fc-70a2-42dd-a336-a6c72f15778f
200413000001923,200413000000980,004b2ee5-0d50-4174-ba0d-db62e46788ae
200413000001186,200413000000163,99927cfc-c203-4b6e-90d2-0a7b208d2847
200413000001521,200413000000534,dad2220a-66e0-489c-97cc-c7f4ba580671
200413000001734,200413000000772,3104d82a-6849-4395-a0b8-03f45620d252
200413000001222,200413000000197,dcf44e43-5848-445e-aea4-8afdf9b0a146
200413000001714,200413000000748,5dfd957a-ec9d-4d03-a2f5-b30830f0657a
200413000001628,200413000000652,35efac53-8b1b-49f9-b2f6-1242881feea0
200413000001706,200413000000739,8a19857c-1ac0-4769-a18b-e04ff11b58f9
200413000001418,200413000000416,2b61bcba-9bbf-438e-8f7f-a9de431464d0
200413000001713,200413000000747,ff5351b8-3247-4eba-b0d6-80e0293e916d
200413000001173,200413000000149,95e43a18-f3a9-45dc-b4f5-5f9e885cd6e9
200413000001239,200413000000218,0b66c480-96f4-4799-a3d4-892204e1c333
200413000001717,200413000000752,6d54785e-8b52-426f-9694-75516c438e47
200413000001079,200413000000045,5c6c3067-ae6d-4567-a399-dc3925d95260
200413000001233,200413000000210,59bdcb3d-bf04-4e99-8ef7-a2bdc1b96cb9
200413000001093,200413000000061,5314d807-a256-45f4-b329-7b55ce751a1f
200413000001864,200413000000918,a9a1ebb6-5cf0-4aa4-8fab-45ce9c39b236
200413000001670,200413000000698,3d39a52e-a814-4d5b-ad5f-1e571f7747c1
200413000001111,200413000000080,0c824da7-11ce-42c6-889f-04f58cf0588e
200413000001276,200413000000260,5e1a2e5d-0c46-44ad-beba-5057ff1776ea
200413000001758,200413000000800,318e00e7-d954-4340-83d1-76ddb4d88829
200413000001745,200413000000786,1e548982-657f-49c0-9337-047d65dedfde
200413000001164,200413000000140,418b5bce-5d47-4419-9284-7cf127365354
200413000001935,200413000000993,c765e0da-9314-4f3a-8525-3373b00567ee
200413000001394,200413000000390,91716ae7-21e1-425e-8c3d-6e5623c4c48c
200413000001116,200413000000085,18a07497-db23-4bcd-bbd0-16ff2083a54c
200413000001254,200413000000235,02861a82-65ce-4a54-b574-32360b12c374
200413000001474,200413000000478,1927cd8a-1851-4ac7-b754-8665656fcdf4
200413000001683,200413000000715,eea3df88-7676-4d97-b019-64afd415decb
200413000001605,200413000000626,6251f6cf-12d2-42fb-81b4-9f109fbc4faf
200413000001169,200413000000145,a5ea26a9-9a33-4f50-8012-0436e2e3799e
200413000001113,200413000000082,f57a1fb0-f644-46e7-a94f-842119f8d8e5
200413000001269,200413000000251,7854b710-59a4-4145-b2b1-5e567b1dc155
200413000001204,200413000000179,ef689faa-85df-4314-b0c7-3c811fcb7cb4
200413000001664,200413000000691,287838a9-cc14-4acb-bdc4-8696538257cb
200413000001391,200413000000386,e41fdb69-be12-4b8c-b4d9-37d4b1092af6
200413000001595,200413000000615,65b89794-89b8-40fe-8336-03eb1b6dbe22
200413000001926,200413000000983,25aaf9c5-c1ad-4e77-9efe-9ac0a3477615
200413000001754,200413000000796,29fc21c9-6f0c-4998-a510-067e84c3b8bc
200413000001702,200413000000734,62e794ef-acc4-43f1-9603-60a24ef15d0d
200413000001900,200413000000954,b4c0223f-6e18-48ad-9eab-fc9366b5dd31
200413000001461,200413000000464,135d71ae-0789-4a00-b245-3b3d1dd125a3
200413000001739,200413000000778,779bbfa4-ec88-4162-9dc6-60d9eebc85a3
200413000001904,200413000000958,862235d9-b167-4369-92b8-4f164cd92197
200413000001907,200413000000962,1334acab-ce32-4b0d-afc9-7b4bf37bedc9
200413000001305,200413000000294,1cd6215d-7e61-4f82-abd6-090532563cc3
200413000001738,200413000000777,41bf8f81-0529-4737-aba5-6a76d26b0412
200413000001438,200413000000437,47abbbf0-6e83-4b20-be74-ef8cfd2a82a2
200413000001309,200413000000299,f0091316-79f3-400d-b2ce-59aacfa152f4
200413000001145,200413000000121,4c5a8962-bb47-4525-828f-0ab363569abf
200413000001694,200413000000724,2a717e87-3686-438d-bb0e-6925c58f63be
200413000001689,200413000000719,f3db8a3a-820c-4f5d-8dce-6f126bccd2c7
200413000001641,200413000000667,300efcf1-6b72-4e93-97e0-d038fd4baa59
200413000001867,200413000000921,859b7444-cba7-47f5-b4d9-4745194ef87b
200413000001268,200413000000250,f6bcf826-e0c9-46ad-a593-f4b6d00625c4
200413000001068,200413000000033,53f22eec-04bb-499d-b51c-0ba811545500
200413000001827,200413000000879,e96211a9-80c3-46e2-9d72-aaf2b07c6b7b
200413000001417,200413000000415,6d591bbd-d95f-4af5-a78d-bbf49766fb36
200413000001074,200413000000040,5229e889-3c6b-4bc2-a077-297b0dce08c4
200413000001300,200413000000289,a8507a7e-93ce-4882-9d05-5d670cc4ef77
200413000001598,200413000000618,7d1db38e-9653-4b45-b7b4-fb04d29847bc
200413000001600,200413000000621,5b33938e-d875-45c1-9789-71ce1700eaa9
200413000001500,200413000000510,e8e84f5c-bb05-426a-b6d5-13b81be861d1
200413000001884,200413000000938,b88ab0a1-6061-4d03-a159-70212992af30
200413000001103,200413000000072,95f12972-f89e-4494-86d5-889df921a96c
200413000001278,200413000000263,37fc00f8-3a49-4dfa-8b42-73fe2bf037a4
200413000001697,200413000000727,35c2d0c0-b7ef-45f3-9f64-b57418a5bee6
200413000001928,200413000000985,36e9ccbb-87e5-4c30-b7ed-a965d2818c87
200413000001123,200413000000092,14c04774-bf3f-44ac-bc65-93cceff58520
200413000001793,200413000000838,5b4b739e-77ce-48ee-9c4d-d4ae240ec48b
200413000001940,200413000000999,0a60b081-1376-4f7b-b209-de18f769cd74
200413000001342,200413000000333,eac74ebd-23a3-4a20-a2f5-48db251d922f
200413000001094,200413000000062,ab17316c-9e1f-4671-8354-998f8b2a2d0d
200413000001082,200413000000048,bfeeb32f-535c-4773-a34f-eda59cdc445f
200413000001090,200413000000057,ed5277fc-e1aa-4ee9-8125-520a34cc9212
200413000001936,200413000000994,663a8b9e-e32c-416f-a933-13ad730b11d8
200413000001909,200413000000964,43a277c9-47b7-404e-bec4-e82149d8e5c1
200413000001369,200413000000360,3cc6c729-b6db-487c-933f-b6945fd7bf06
200413000001618,200413000000639,08d61778-4759-4a6c-a749-753855b7d98e
200413000001819,200413000000870,127f9046-3fae-4141-8ae5-6a8a878443ec
200413000001325,200413000000316,8b13fdb7-cc3b-4eb6-8a83-bc313b325e9f
200413000001197,200413000000175,79e6e862-bde5-40f1-9830-fba957a2e40b
200413000001607,200413000000628,2e296f92-604e-4d1a-a313-a6b3f36b7458
200413000001921,200413000000977,faaaa984-2d91-4436-8a25-270cf0009c98
200413000001808,200413000000855,86d64659-9053-45ee-a236-bcd00c9a50bd
200413000001663,200413000000690,2fb4513f-633d-4121-bcf4-af4e4a2a22e9
200413000001379,200413000000373,40b79f17-4fd8-4a30-b4ad-74f35c0fcce4
200413000001639,200413000000665,9e553a0b-f324-4412-b791-9b3e622738ec
200413000001868,200413000000922,9a2bbdfe-4bc9-4427-b74a-ea9b5ac682e5
200413000001170,200413000000146,f4b715cd-b7cb-461d-9872-b6d6de246bdf
200413000001801,200413000000847,0da65ecc-7b0c-4382-a0b5-dbc539df214f
200413000001306,200413000000295,8aef5c47-ee69-46ed-99a0-15d5606a7b1e
200413000001338,200413000000329,ec4178a6-1037-4b99-b75b-c3e4606cb7c5
200413000001582,200413000000601,96124976-048e-44a7-a882-42c37d6c1916
200413000001852,200413000000905,20bb1919-8f2f-4baa-bcf8-4c8b41bb96c7
200413000001893,200413000000947,a50d0868-999d-48bf-ac84-21198f046584
200413000001885,200413000000939,637ba8b3-0104-4c9b-a72c-95460802d622
200413000001924,200413000000981,39b99182-cded-4f6a-8809-64882a9236a3
200413000001049,200413000000010,3fe7115f-e511-4067-9038-2718f6de750d
200413000001562,200413000000576,dd71a4bc-e9c5-4727-8a87-4580396c1b3e
200413000001218,200413000000194,b0ac3936-f1d0-4b0e-9d0e-81152d5642ed
200413000001854,200413000000907,c6723b5e-dddf-4cd8-b237-64c934ae9ee9
200413000001871,200413000000925,6905bd89-22ce-4b08-a526-fb461ba2db23
200413000001350,200413000000342,29181eaa-275d-4b25-8f19-95755b49535d
200413000001590,200413000000609,18d3cc36-b328-4888-9917-5d773b2540c7
200413000001420,200413000000418,d6ded03e-689e-4bf6-9c8f-9b232931bcb7
200413000001648,200413000000674,12313c76-f46b-4f31-85ec-b0da5aa9cb33
200413000001322,200413000000313,4dbd3833-32d2-4d43-9ecb-0bc0cfe677e4
200413000001271,200413000000254,b3d43de6-a7fc-4ca8-9ed9-cebb85d67c78
200413000001767,200413000000810,339c0c61-1bce-4226-8928-c061a9ea323c
200413000001293,200413000000281,9a0270c4-dfba-441e-86df-d80b9ed519d5
200413000001206,200413000000182,6922ff4d-34d4-402a-8da3-9c7892d38a89
200413000001568,200413000000584,4e83a9fe-9954-44a4-9e15-b01caa13b85f
200413000001073,200413000000039,284093ea-4cd5-454c-95df-1171681f374a
200413000001166,200413000000142,daca0b56-42ea-4521-be10-8b9d4bfb0a7c
200413000001231,200413000000208,470d7d27-d316-49ab-a165-5497c242d288
200413000001877,200413000000931,cb494eb7-fb21-42da-bbca-2db686506c50
200413000001511,200413000000523,0f657a17-50a5-457e-9f69-80e72a2cb8b5
200413000001229,200413000000206,54f3d7df-8d0a-40f6-b548-c976d70e3dce
200413000001869,200413000000923,314fdb73-71f4-46a5-a20d-9f589bc0982f
200413000001439,200413000000438,74bf7503-4ea9-44bc-b1c2-225d15bf141d
200413000001139,200413000000110,13534055-746b-4b17-9477-2e425e0a03cf
200413000001387,200413000000380,211f8de9-c49e-4734-904e-d471a9fc8fbd
200413000001876,200413000000930,aa31064a-4ae2-470b-9603-cc866212338d
200413000001329,200413000000319,33fc4bf4-6673-48e2-b090-d496e7180368
200413000001443,200413000000444,348ae317-a270-447a-a13b-02740d0da9f3
200413000001072,200413000000038,4b274010-b84f-4b65-94e2-dbad15ed0a7a
200413000001678,200413000000709,5ee7eb12-e1a5-47f0-98e9-dac8565e352d
200413000001149,200413000000125,e1ebac3c-e398-4b6b-838a-b3319dc67d17
200413000001143,200413000000117,9a95f180-a4a6-41b3-9cc1-04707f439f5e
200413000001157,200413000000133,951ac98a-8b26-462b-a2b7-0619f1765e11
200413000001388,200413000000382,31354d63-8b6e-4d94-b1d6-c2b5857f0def
200413000001196,200413000000174,7223feec-8efb-4904-849d-529ac247b851
200413000001901,200413000000955,3d8499c2-9a58-4907-a685-be5d79978539
200413000001392,200413000000387,a37ad97d-3dc8-48bc-b28e-04d888e31b7f
200413000001081,200413000000047,cc899651-cc5b-4b3a-96cd-17fbc4c92ea7
200413000001483,200413000000491,ee924368-52fc-4c2d-8292-5cc328f4bbc4
200413000001473,200413000000477,5aa344e0-3566-486c-8636-69db37aa8452
200413000001086,200413000000053,279fc3f1-2b90-480f-b1fc-c9ca95bebafc
200413000001358,200413000000350,aa74b0e5-2211-4204-b2f1-881cc74a934e
200413000001829,200413000000881,ab590fa7-17db-4322-8195-2068fc6cd64a
200413000001640,200413000000666,41f02da4-e8c0-439e-a13d-6a855b3e8952
200413000001667,200413000000694,68dd0cd8-f028-4e39-8129-b73a466cc623
200413000001913,200413000000969,5364f808-03a6-4c9e-9875-d8282e109a57
200413000001523,200413000000535,61d26797-24f9-4c28-92e5-042e4aeb9237
200413000001234,200413000000211,65da18a0-2eb5-4f3a-9c7f-c02badcb525b
200413000001491,200413000000500,f94cbb15-b036-4fc5-93ad-7bb91cfd3fa7
200413000001290,200413000000278,d9b2d376-6bd7-4a14-bd80-179b5693abeb
200413000001210,200413000000186,a95b74e9-b19a-460a-aea6-0b470529e241
200413000001151,200413000000127,b586bbd5-203d-4cbd-ae78-890d34328772
200413000001747,200413000000788,f4ad3d67-917f-4268-a3fc-6f48103455f0
200413000001084,200413000000050,071e19b5-6a36-4e40-824d-743341607dd2
200413000001415,200413000000413,e9d48ed0-ae5f-4435-a9c4-9edc910a0f31
200413000001324,200413000000315,49c7925f-a474-473a-9eae-1fb4f093452b
200413000001255,200413000000236,46a1d988-23c6-4c1f-8e35-3338793c6cfd
200413000001846,200413000000898,5fbb4047-5f21-4623-8220-9b9a104450ad
200413000001585,200413000000603,2fcd07e2-11a4-4d71-88ba-50f48c130ffc
200413000001564,200413000000578,9b51dcf7-9932-45c7-b699-4f045be27492
200413000001101,200413000000069,452af9a1-8235-45ed-9593-85f363926337
200413000001710,200413000000744,d46ff13c-d567-4684-93f0-59bef4a4c7f1
200413000001118,200413000000087,e157b624-ea75-4b78-8b67-05077f61c591
200413000001684,200413000000716,4ca814b4-92e0-47bd-828b-d331a0d04166
200413000001570,200413000000586,19fa0f13-7a7b-4ccb-92b1-b543415b6316
200413000001294,200413000000282,791a4942-12d6-47a7-ab77-617c8c1146f4
200413000001377,200413000000370,8b2cee1e-0b26-4f95-a360-0c65a86c52c9
200413000001772,200413000000815,9f1f1fa1-a9cc-4793-aaed-1348bc1bb127
200413000001915,200413000000971,d08ee6cf-05c1-43e3-9a46-8dfdc518e027
200413000001310,200413000000300,441338d7-716b-4a29-b7f9-01ec008fe30b
200413000001232,200413000000209,795fba44-d3a7-4ab8-a059-cc6d3d6f817b
200413000001545,200413000000560,8b4ea131-8afd-4077-ace5-559b41e3a3c7
200413000001821,200413000000872,43bf6eb0-55ec-4a45-bf79-1234a7beaf88
200413000001156,200413000000132,7c65b52e-4653-4bbf-826f-b792fda33b98
200413000001903,200413000000957,e7fc645d-a4b1-49de-84fd-c2bb98e300de
200413000001462,200413000000467,2a5638e8-89ad-42ea-bed6-a58f3732c11e
200413000001217,200413000000193,2b629df0-df77-445e-97ef-6bbdf5872cef
200413000001061,200413000000026,cdd9e944-8f4e-4563-b7c5-7906a6fff081
200413000001315,200413000000304,940c2fe7-e2f0-4bd3-86e9-55b2246520ab
200413000001743,200413000000784,8f2f3674-f8b4-4183-915b-5628c14e7f30
200413000001532,200413000000545,3a48f736-7d9a-4212-afe8-c9907b78013c
200413000001490,200413000000498,26afce17-c629-4e1b-9dac-2b09e72e02f4
200413000001366,200413000000356,1d865fa2-ac77-40d3-9fe2-cfe5d6382d88
200413000001666,200413000000693,4e6e8799-5d99-4478-90ac-1dd133682e58
200413000001485,200413000000493,229c3f20-86a8-4b5d-963e-b268fed277b2
200413000001939,200413000000998,397d205e-89ce-46bd-958d-d4c80e6504a4
200413000001242,200413000000222,2800adf9-f187-4b3f-91e2-841f17e72d8f
200413000001446,200413000000448,151d26cf-6529-428f-875f-c358a22644d4
200413000001374,200413000000366,aa45f720-ceed-41bb-82ef-e6c1d5de3669
200413000001064,200413000000029,b3f117a1-a293-45c0-9974-ab1ba889403b
200413000001423,200413000000422,20c8ff46-85a5-43c3-86f5-f31bbe661a62
200413000001859,200413000000912,7fc90893-f5c4-4cf5-9bfd-c77677667f2d
200413000001558,200413000000573,43da1f04-0c52-4fef-918a-415e2df00f0b
200413000001458,200413000000461,2a6a8a62-02ec-41b8-9d02-7d5774c8a662
200413000001240,200413000000219,238a4c74-cdcb-4229-abbb-971ab14fbf7f
200413000001675,200413000000706,809e0460-d9e5-489a-9c29-48be5d4588e8
200413000001158,200413000000134,4d4f344e-92ac-4ee5-a580-646384de5149
200413000001190,200413000000168,83dc840c-7385-471e-b3b4-f4a3745ae655
200413000001078,200413000000044,74a91440-2edb-4c23-ae12-fb02a07474e0
200413000001676,200413000000707,c34097b4-83c0-4450-9cd3-b627cb265325
200413000001847,200413000000899,8e8e46ad-99a5-4263-859a-376142cb1f46
200413000001216,200413000000192,3d5358fd-5cb9-4f83-94e3-e54da2938563
200413000001460,200413000000463,149470c5-47ae-4d46-925b-08c2bd95345f
200413000001533,200413000000546,147812f1-8601-4fb9-955a-695e27c643ec
200413000001874,200413000000928,68fde2f2-2e54-487e-b17e-70224d14f5a7
200413000001364,200413000000354,6d5a59d7-f2aa-46df-9e95-30c6e22ecd0e
200413000001395,200413000000391,0af9a911-d59e-4d21-bc26-97f12a35d7da
200413000001853,200413000000906,3576e791-1865-4803-a6b0-e757d5d5fa59
200413000001537,200413000000549,5a4b628e-074c-469d-82ff-4e0a9cca09b5
200413000001165,200413000000141,891645e7-ad4e-4413-8aeb-7ca18e709651
200413000001636,200413000000663,753bf0f4-4681-4b62-b150-033c8b7cfd30
200413000001373,200413000000365,38e59598-cdce-47a6-9f95-f943a5494089
200413000001498,200413000000508,bc259e0d-cb6d-4e57-983c-8e6a30dcc083
200413000001432,200413000000432,c44cb077-43d7-4c43-a2fc-f0241ec8c96b
200413000001359,200413000000351,22984011-27b8-45cc-bd85-4a042f31d2b9
200413000001410,200413000000409,335697af-23f4-4cd8-97e0-46d8350772ff
200413000001172,200413000000148,68768945-b6cc-48de-a160-ad2d8d73385e
200413000001351,200413000000343,9c024dce-31d3-4bde-a31c-28bcd57d95cb
200413000001092,200413000000060,702b108f-0107-490c-bfdb-003fdbf7409f
200413000001069,200413000000034,4fd8d0d0-8fee-4113-8838-dba1136ce335
200413000001812,200413000000859,a4190dcf-1c73-4048-a6ab-1c1cc8bbb413
200413000001095,200413000000063,5482577f-809b-4a68-8b4d-8190dfe52c9c
200413000001494,200413000000504,5bdcb88b-3480-450e-934d-e2798b12e4c1
200413000001866,200413000000920,7cc3f874-ec88-49d7-8d5c-9ce0e2b3dff0
200413000001941,200413000001000,d73e618a-a8e5-4e37-8aaa-634bd4329ee5
200413000001914,200413000000970,357cfa1b-68d2-48ef-8129-ab6ed7ddd8ab
200413000001361,200413000000352,eace7198-91b5-4d3d-8903-9a267d816e80
200413000001518,200413000000531,fe5bc57f-8df3-47fe-ac27-b0623da2f553
200413000001228,200413000000205,57c2fa8a-2a89-410f-b5f1-4f9e7d4a19e2
200413000001556,200413000000571,b9494c8b-7ba7-4258-bed3-59118e13cfcc
200413000001215,200413000000191,650364ab-0252-40ff-92d2-b3e6ed46b40f
200413000001549,200413000000564,b5f19e29-419d-4385-bc14-56f7b51be50f
200413000001768,200413000000811,58768b08-d16a-4877-9814-c60598ffff29
200413000001258,200413000000239,8c1aa35a-1ed5-4b0a-a8eb-71cb6f9a5b20
200413000001735,200413000000773,0d345738-3238-4135-9b96-477b6214c42f
200413000001316,200413000000306,4a6d8a7c-1f3e-42c5-8c91-e4eb0844970a
200413000001508,200413000000519,f06605e5-e0d1-4d02-92e5-2108ee4e485d
200413000001403,200413000000401,d4e4d083-9505-44fe-8f83-6d6a87522a91
200413000001541,200413000000553,38d9b70d-285f-4f47-9952-c519a0466c86
200413000001188,200413000000165,00288db8-7332-41e7-9ce0-d4e73796f738
200413000001333,200413000000323,c33f0806-d691-4abf-b20b-656dc0968a27
200413000001059,200413000000022,3d9b381b-d0cc-4ad2-b9b4-c7da050b41e3
200413000001843,200413000000895,13a07c80-1bc2-48d1-924c-621512db5682
200413000001471,200413000000475,1876593e-f018-4cbe-ae6f-50580df0dfd8
200413000001442,200413000000442,9b991c55-586d-4903-910f-9cb26492c65b
200413000001933,200413000000991,df9e4274-712f-4277-b5e4-398a3ca5ec81
200413000001888,200413000000942,74783b6c-6440-45f4-b75f-6597cc663c3d
200413000001839,200413000000892,bf680590-9d76-4752-8fc6-2da99402bae0
200413000001427,200413000000428,fbedbbce-8270-49d5-a381-7f701ade9ec4
200413000001313,200413000000303,8c5a0afa-9522-40ce-bd77-4393e266fde0
200413000001308,200413000000297,a32a8d51-81f6-420e-b180-faeb41b6ef2f
200413000001135,200413000000106,26e546c0-365c-4366-b17d-3700d358cd98
200413000001180,200413000000156,c1a4aadc-3468-456a-a096-dfbcace99ef9
200413000001731,200413000000768,d3b8afd8-90e8-49a4-b2ae-8a9e4c8143ef
200413000001323,200413000000314,5361805d-0aee-48d5-be6a-9872ef763dbb
200413000001348,200413000000340,656302a3-3a61-471e-8f2a-fc6dda85a31b
200413000001160,200413000000136,380c7d2f-cf26-4e8e-a153-e14bc8f72bdb
200413000001356,200413000000348,b39908b3-654e-4487-a923-3272e5ef3195
200413000001925,200413000000982,9315ba52-0d13-4d9d-acc0-22929a582f77
200413000001087,200413000000054,389c61d8-bc38-4aae-a32e-c3a4ae46c1b9
200413000001561,200413000000575,d986f9a6-1fd0-4325-bb50-811c0f82450f
200413000001236,200413000000213,7b65e1d5-bda3-4ba9-bad7-d5295662df12
200413000001335,200413000000326,d7cd1af1-af11-42e2-b5f4-51f3c764a360
200413000001817,200413000000867,6745cd6b-60b6-42ba-9871-2c0798fe2be2
200413000001650,200413000000676,94d4070c-f89d-41e7-be22-16aa280e51e7
200413000001833,200413000000885,6a037548-626a-4d5a-9134-7eee481ad816
200413000001454,200413000000456,fdc42fe8-a093-4b00-9e30-d3cdd2b023ba
200413000001144,200413000000120,b6df4f9d-0ebe-4b8d-839e-aa113134576d
200413000001704,200413000000737,9e86e7e8-77c7-43ee-8b54-cdb5302f387e
200413000001209,200413000000184,782a8aba-3812-4daf-a937-2c823dd2bd24
200413000001194,200413000000173,0d5e5f47-684c-43e8-b0e7-4677f8b33749
200413000001399,200413000000395,802b98ef-96f1-428d-9e4b-4cbfe5831cce
200413000001060,200413000000023,f41603d7-9d2a-4246-8354-2a876dcc8f43
200413000001919,200413000000975,f913c036-a75d-4aee-acf7-7a60c6f55434
200413000001862,200413000000916,f0c316dc-8d64-499a-9a29-2604a1f59bc9
200413000001352,200413000000344,69b3483f-1a7f-4611-b873-179c030d7cdc
200413000001153,200413000000129,f10c76eb-c04c-45d7-8039-78d58db129b9
200413000001368,200413000000359,e7336e7c-f1ea-40c6-a6d3-6dda30e5b419
200413000001299,200413000000288,d347b463-fedc-4d7d-9840-3c210ca106d9
200413000001764,200413000000807,fd88e215-169d-419c-9922-3621bc5f707f
200413000001407,200413000000406,80156fa5-3101-4a4e-b554-5b405f86ac7a
200413000001629,200413000000654,f72d2ae3-7fd5-48bf-b267-54848510ce5e
200413000001602,200413000000623,c0a3a038-b3d9-446c-90be-bfb62e599518
200413000001679,200413000000710,c37026c1-fa5e-401d-ba25-529c42b20838
200413000001289,200413000000277,d884f6c5-248f-42d2-9ea1-fa546f9ee7e7
200413000001117,200413000000086,3cf4c6d2-f0b7-48b6-a7ee-16dda1ab1692
200413000001354,200413000000346,6d5d63c7-e576-4f1b-b1cb-5e0e0e6c483c
200413000001721,200413000000757,ec016930-4431-4ef4-9477-ecacf5d27be8
200413000001576,200413000000592,fe23edfb-73ea-4583-94d0-8da183665c57
200413000001690,200413000000720,9e600a74-1d1c-49f6-b80c-450e2d04c60a
200413000001918,200413000000974,ff489121-89c6-4ac2-aaec-650fc2e4923f
200413000001040,200413000000002,ec910aae-d7a7-4f99-923a-b418e6649a4f
200413000001504,200413000000515,47e74044-b978-415b-8523-4fad22e0ac13
200413000001692,200413000000722,fc5b71be-7f64-4e11-9173-f7bbb1cdd0f9
200413000001274,200413000000258,7d2a705e-75d4-4ffa-9d65-57fe4e0b4382
200413000001803,200413000000850,8b8dcf28-0017-4715-af0a-e82d900799d2
200413000001133,200413000000104,51c62574-1692-4f23-a84c-cf904e55a5b3
200413000001526,200413000000538,92f6888a-0eca-4456-80b6-d303bacebdf3
200413000001340,200413000000331,3d29ca39-eae5-414e-8b4a-229132b3c801
200413000001621,200413000000644,c8ae8bc8-54d2-4bc1-8dea-47929f29931d
200413000001677,200413000000708,479e246f-0b12-4765-8357-90b723ff2694
200413000001150,200413000000126,75c1c323-7e69-447b-8ac4-fe800e7dcf4b
200413000001730,200413000000767,51976f96-5131-4f40-a49c-742cc2226701
200413000001685,200413000000717,b057356d-3358-4d25-9205-6de644e1fc82
200413000001252,200413000000233,c6b135be-2b9e-4c69-8f07-5fd695e2e333
200413000001765,200413000000808,9c53e9fd-91f4-4dbd-825c-926be45366c3
200413000001472,200413000000476,ad23cb3b-ee37-4efd-9b9a-de9fdd250280
200413000001317,200413000000307,c48a3413-a172-40ba-a399-e686e4de26c2
200413000001766,200413000000809,6c7380c4-4891-4ce9-a2e2-c9faf008960e
200413000001467,200413000000472,0ebe9c7b-e2a1-4c42-9c8b-dd895667774b
200413000001858,200413000000911,79ea135b-9244-4a54-b713-3f0aad310561
200413000001908,200413000000963,473c4285-05cf-49c1-9193-8780942c7e3b
200413000001457,200413000000459,4cf31c15-eb7f-4b87-9d0d-883387d2a58f
200413000001067,200413000000032,9cbc9df4-6c03-403a-876f-a131da772390
200413000001077,200413000000043,977753e3-e228-406d-b634-32a341f9ccf5
200413000001749,200413000000790,bce2c7d3-eced-4a97-8ce0-9ff86963daa7
200413000001098,200413000000066,6c81e63b-697a-4293-8b6a-80212d7bc3c0
200413000001384,200413000000377,2f9f430f-91cc-4f1a-b770-6ca039f45cb9
200413000001786,200413000000833,deda747b-15f8-48e0-bede-9dd223fd65c1
200413000001707,200413000000740,ea873c6f-9742-4b96-b335-05e0c750642b
200413000001592,200413000000612,936534f8-1703-4da5-bf1c-ee2bb7e59d59
200413000001370,200413000000362,42183eda-dfa1-464f-bb64-ba5a7b1b3894
200413000001378,200413000000372,f747edbe-25c2-4c9b-ae58-d2bd33146aae
200413000001574,200413000000590,07a4740d-582e-4fe0-98f4-af380b60ffe9
200413000001596,200413000000616,402d875b-a5df-4893-b865-6fc466f3cb00
200413000001497,200413000000507,a3b11dd8-e12c-4c82-a988-c7b2d0803ef9
200413000001539,200413000000551,8beb3d16-3912-4fbc-9f2a-140eb957c747
200413000001791,200413000000836,d658b843-c500-41d1-9345-cc9dd99507b6
200413000001671,200413000000699,83eee397-62da-49f6-a8c5-cc14e657af0a
200413000001698,200413000000728,f9efc8a1-f8db-4da2-ba73-c8b6564b8a66
200413000001126,200413000000095,3042decf-d4e0-4f5c-8d4a-b8520fdfdac8
200413000001785,200413000000832,a156fb2c-34d5-4044-87fb-27de93082425
200413000001475,200413000000480,727549d1-af64-4952-a54d-873fcdff06c2
200413000001492,200413000000501,0a57f362-c86c-4c6c-a02b-405d9c57b057
200413000001058,200413000000021,ba804333-1f67-4a20-b1d5-483ff7e75f16
200413000001891,200413000000945,b76de261-78c3-492d-bf82-9308de7c9ee8
200413000001880,200413000000935,e4ee1525-a191-432c-9514-225112f46ae5
200413000001544,200413000000559,013ee735-ed47-46e1-be9e-e3167a7cdff4
200413000001424,200413000000425,b3839772-e3d2-4b9e-b6cb-aea5bac33c91
200413000001088,200413000000055,ddc86a05-cc43-4082-9af6-25efdd2bb93b
200413000001652,200413000000678,f010422f-8327-4b00-9487-0a552d9a4645
200413000001245,200413000000226,7f404a82-a95d-41a4-b97e-a00fe9ce4836
200413000001203,200413000000178,9045cf51-be3d-4463-a503-be644e82801e
200413000001505,200413000000516,871465dd-a403-4202-aed9-ca56887bf051
200413000001572,200413000000588,0234ee78-8c56-4256-89bc-4cc6e8174a05
200413000001845,200413000000897,92762e7a-dd64-49e9-a064-9e38d7fbd777
200413000001813,200413000000860,b86dacfe-bbbf-440c-8053-87cf95a288f6
200413000001705,200413000000738,1ed71e4d-3a97-46c2-9bfb-23e110776f32
200413000001719,200413000000755,8456eb37-93a1-46ca-97e9-70f179752c01
200413000001237,200413000000215,1ba82e24-dd5a-48c5-bb2f-531aa9c16eaf
200413000001426,200413000000427,9f7fac14-82cf-4125-aaf5-01ea3f69000e
200413000001612,200413000000632,47b6fab0-61b0-4a4f-ae38-a39e8fab35f4
200413000001732,200413000000770,f8c99d1d-185d-4898-a24e-c57abab0369c
200413000001569,200413000000585,68117414-934d-4c9c-9996-96f580911a9b
200413000001659,200413000000685,0ec42600-1d0b-4ab5-85f2-d685557c57d8
200413000001757,200413000000799,a5f81581-bb74-4d7f-a318-3de692a89f24
200413000001525,200413000000537,c92d34e2-68d0-441a-91af-9650dc981879
200413000001244,200413000000225,4f893b19-93ed-4963-8ca8-7132ebe7e3f0
200413000001811,200413000000858,27fe9060-0289-4356-99d7-3047f4b0ea29
200413000001283,200413000000269,48d71381-0f19-4678-8a02-2677db1adb0f
200413000001414,200413000000412,da15a656-5f7d-4c4f-85d5-b93773634676
200413000001527,200413000000539,6ffea450-e8f0-4bfa-9fb2-746bd83fe037
200413000001662,200413000000689,9d953b06-e3be-42be-a2ce-300c2ad55d71
200413000001700,200413000000731,1fe3e0c9-6ab3-473e-8abd-8dcdd877d1d1
200413000001718,200413000000753,1397b317-9c7a-4861-90d9-ef942f7dbc87
200413000001050,200413000000011,83e4cd7c-4295-4f70-9bba-545c86597679
200413000001042,200413000000004,3bb594d6-7653-4c3b-8be0-d2e1c17f3dd6
200413000001632,200413000000658,7e81fb2f-64a1-4f7c-a99a-9b0b258e1e9a
200413000001752,200413000000794,9791cb6f-36b2-473e-b0f4-fd6b6ca28c26
200413000001886,200413000000940,2493b83a-c9a5-42c8-b8d9-57ba27bd027e
200413000001898,200413000000952,041072a4-5f2c-45ce-a3f5-9e5501aee4fa
200413000001892,200413000000946,f88995eb-31b5-485c-9cf6-23ee42ab27db
200413000001241,200413000000221,e0009ac6-9523-4c3c-9e09-32ff1db35c3c
200413000001937,200413000000995,c9f04c1b-002d-4c78-9dc3-5a5b1aa9b0e1
200413000001376,200413000000368,0226c560-36b3-4c2a-a14d-53cd0d4eb659
200413000001400,200413000000396,f2b14196-2377-4f6d-a2a5-d25beeee332e
200413000001656,200413000000682,807dee37-0417-4d8d-8cb1-307b6c164abf
200413000001540,200413000000552,09e250c5-b124-4c84-842d-6beb737e4fce
200413000001778,200413000000822,495af4df-354c-4d21-ba00-f240a85d19a8
200413000001573,200413000000589,7483c6e5-4a2c-48c8-842d-5fc466de97f7
200413000001434,200413000000434,0675082c-4da1-44cb-ad8a-3acb74d47767
200413000001266,200413000000248,70ff3e2a-2294-4621-ad22-768cf91d1089
200413000001701,200413000000732,842800a3-2223-435c-b3ba-fa539083c793
200413000001251,200413000000232,8857c1d2-92f4-4b94-b20c-9920a0243b38
200413000001616,200413000000636,45c5cc17-fae8-4d77-9f5e-96c999405b0f
200413000001406,200413000000405,bb91b6f0-3a47-40e9-adb4-06789a9fbdbe
200413000001861,200413000000915,97ee4f98-171c-4e8f-a337-d5372adf0582
200413000001436,200413000000436,7e3f7986-45e8-44c3-978a-af7c4cb06fd5
200413000001646,200413000000672,4dcc20d5-0cd6-4874-91b8-da1b4626712c
200413000001161,200413000000137,aa152c3e-b570-4c25-bf7a-837b2f49a898
200413000001777,200413000000821,ae126a55-7c76-4748-bb69-ed50650d0e4e
200413000001481,200413000000488,523881d0-f05c-4516-a673-d301b86407c4
200413000001902,200413000000956,03c37abf-af2c-43c3-94e6-6c8e61e14efa
200413000001125,200413000000094,08188f1a-2e66-4b11-a1d6-b1ecca7fa084
200413000001267,200413000000249,c22bae5d-24e8-4fe9-b10a-85e5d4fe4a7a
200413000001302,200413000000291,0e038560-c28a-4742-98c1-e11040d6a0b4
200413000001722,200413000000758,7ef58904-7de4-4a53-8b0b-ff215d550fba
200413000001262,200413000000243,aa2b8a96-25ef-41df-b381-6b4b73214dc8
200413000001746,200413000000787,0591dd8f-9cc3-4a8b-b50e-c6d955e7d1ff
200413000001104,200413000000073,1f3a5b77-f639-4518-8cab-fa98edff541d
200413000001487,200413000000495,78862591-e62c-454d-9915-afacfd08e108
200413000001672,200413000000701,a7f73626-935b-4c9f-ad74-9ea903b16ec1
200413000001039,200413000000001,4503f8d4-0cdc-4ec0-a33c-eec01de46c16
200413000001897,200413000000951,e7cee019-62f6-4f50-aa28-ffb8898c6afe
200413000001071,200413000000037,7445675c-6385-44a4-a5e8-a751024f240a
200413000001477,200413000000482,514717e9-cb6a-4b29-b42d-09ac590673b1
200413000001226,200413000000203,b452abbf-cb88-4731-9839-0a18cf1df90e
200413000001259,200413000000240,1922c2f7-32da-4456-b56e-be00b77136bb
200413000001120,200413000000089,672af8e0-8d61-45b3-bc8b-16976a27164d
200413000001337,200413000000328,2ce5f3aa-9d32-48f9-8ab6-2c868d8b835e
200413000001178,200413000000154,64fb6a12-c225-486d-9c26-8fb1c27ee0d3
200413000001353,200413000000345,23b86fca-1e5b-410e-a147-c1b6767757e1
200413000001794,200413000000839,39708a7d-89b9-4059-835f-998538073b8b
200413000001578,200413000000594,04721530-bada-450f-b4a4-c4829b88d6c0
200413000001580,200413000000598,58a17285-b071-4185-aa03-688ececc465b
200413000001606,200413000000627,c1bb93c1-de49-40a9-abe8-99a7f41ad52c
200413000001603,200413000000624,9d5c40f1-b062-461a-b062-42243699eed6
200413000001285,200413000000271,97febba0-f697-42d6-987e-28e95661e0e2
200413000001382,200413000000376,6dff8022-17d2-4896-be5e-bd539d414285
200413000001553,200413000000568,5e6ef2f7-67f0-4640-bfd8-23c9e2c0c808
200413000001805,200413000000852,673a673f-52b9-4320-a436-5b0818d51e44
200413000001617,200413000000637,f4820e97-9b79-4022-ae07-cf92b0523822
200413000001147,200413000000123,a5894627-7ca5-482d-911e-4fe6d47d04fa
200413000001339,200413000000330,7a6162b4-a0e0-4404-be82-9926d513e15e
200413000001099,200413000000067,b1026cb7-ae73-4649-a14c-448fcd8aa511
200413000001265,200413000000247,f8ed2ab7-8d9f-4979-95e7-ec50eb3bacb3
200413000001917,200413000000973,9d5f2e36-7d8d-4f4b-ad05-c110eb75c221
200413000001386,200413000000379,9dfc9db6-bfa7-4031-b9af-a923524087a5
200413000001152,200413000000128,0fff59bc-a97f-4ce8-be4e-e554adcfd535
200413000001593,200413000000613,826be358-ce65-4ff0-a8a0-1c55a094b091
200413000001279,200413000000265,cc223010-f09b-40bb-b296-b45e571c37f6
200413000001543,200413000000555,97a9f621-bf36-4d73-9678-05f2945c1eb5
200413000001106,200413000000075,0bb6bfdc-4159-4f72-949f-1efb85a029fa
200413000001146,200413000000122,7e8e2621-de53-4db3-8687-0e597ef93e35
200413000001062,200413000000027,3cfe8960-c912-4101-a7e1-bf35e947370d
200413000001783,200413000000829,f142bfc5-bc65-41c2-afae-6759136b9360
200413000001726,200413000000762,6cd590b4-2c50-47dd-b732-4d7a94e7bd97
200413000001695,200413000000725,2f7054d2-306a-41d1-9672-e4a80cffd3f9
200413000001416,200413000000414,1d2ee5c8-e208-4fa7-adca-791b90bf8d0c
200413000001287,200413000000275,e2e5fc3d-ba01-4080-a5ca-54d418476e9e
200413000001168,200413000000144,2c4c3e0b-eafb-46bf-82c0-271b41f8605e
200413000001930,200413000000988,4a193b8a-4aca-4eb4-9e89-b9d9e42bd173
200413000001270,200413000000252,14b83a40-69b8-4b24-b053-7dcf94e15210
200413000001577,200413000000593,791d66ca-22d9-46d9-97ea-0cd2d2cfc744
200413000001070,200413000000035,498648dd-8b51-4636-ab24-e171128a2b6b
200413000001528,200413000000540,a4d88712-dae7-4b91-983c-cd882b47ad98
200413000001132,200413000000103,5b41a9f5-ae4e-4b1f-b043-15c979971611
200413000001435,200413000000435,c5ef6890-1cfd-4337-bbe7-b15a1c7199ce
200413000001192,200413000000170,c64e109b-3862-4598-982a-14aba8ec55d8
200413000001478,200413000000484,877596e7-a416-41ab-8c46-d058edfaa598
200413000001066,200413000000031,dedffd96-d42b-47d8-80b5-d404aee348e6
200413000001291,200413000000279,2f0ad6df-f22a-4dc5-8d4a-615158135b32
200413000001889,200413000000943,c1377a65-5e56-4d6d-a3ee-e762fc5cf899
200413000001349,200413000000341,fcdcdca3-9862-4184-a002-8dc45c58cfa9
200413000001789,200413000000835,4e062198-4538-41ca-9c52-a22fc7542fb1
200413000001479,200413000000485,09b3120d-331d-4b4d-8f1c-85cc375aeaf4
200413000001138,200413000000109,4ac35cc9-9f4f-4fcc-8036-ea624dd6bfdb
200413000001493,200413000000503,b1efc3b7-8789-4c57-9f58-2ef98dfa785d
200413000001520,200413000000533,24d82ebc-8ddd-4813-a335-55e55af2deff
200413000001401,200413000000397,fc8604ea-0fbb-44df-8f1b-03081819422c
200413000001043,200413000000005,b39e4c44-995f-40aa-8b7b-947e75ad8468
200413000001825,200413000000876,e026dc02-42c4-4670-9cb6-14947442c3e3
200413000001122,200413000000091,ce39b804-b3c0-47e1-990a-c2ba9ed8aa1e
200413000001127,200413000000096,30163d3f-c213-40c2-9d20-cde3027a24ca
200413000001182,200413000000159,eb934349-5b2d-4ff3-bd1a-53ae141a7625
200413000001055,200413000000018,c11bb587-8f5c-434a-b594-7afbf6c97ad8
200413000001277,200413000000261,f533330b-6157-4a83-a39e-184a304e512b
200413000001733,200413000000771,1db90baf-9524-4d58-bfd2-79dfa0663f50
200413000001213,200413000000189,6078e996-0133-4018-88f8-5b0883b3cef5
200413000001856,200413000000909,b2cbfbd3-08cd-4733-9d65-bd2f9260c968
200413000001154,200413000000130,83ea76d5-2b05-4826-876c-a578bbcd2079
200413000001550,200413000000565,f0385754-fa86-48ba-97a8-67188e038f55
200413000001814,200413000000861,e87953b2-e058-4eb5-a6dc-421831c203a9
200413000001711,200413000000745,39bebd03-5fd1-49dd-84bf-17b0a6c71fbd
200413000001750,200413000000791,220c7cbe-c862-4636-a6f8-5fea180fa5bb
200413000001201,200413000000177,9c664783-ea53-423e-8c1a-5bfe027f5199
200413000001696,200413000000726,2c92591b-7907-4d6d-9fb6-a90d86d373c8
200413000001398,200413000000394,08e8fafd-8c80-4b75-8892-359dac0ea4c9
200413000001450,200413000000452,9ca2f38f-77b8-4caf-ac4f-171f91c8e572
200413000001189,200413000000166,a0135b65-1b28-47c1-be54-6089497329ff
200413000001083,200413000000049,c3fec761-c534-494b-94b7-756e0df12c23
200413000001879,200413000000933,4e38e8df-dddf-42c8-a474-d84960c048d5
200413000001931,200413000000989,d185b4e2-4c49-4d7a-bbd8-2aa33f04a474
200413000001484,200413000000492,6d0c5290-25f1-4cae-a281-436b77446f40
200413000001514,200413000000527,996f3d11-692a-4325-b537-bad25f323489
200413000001412,200413000000411,c91554d2-0069-4dfd-8075-89142bd71b76
200413000001725,200413000000761,618e630a-0860-43c8-8e2b-5fd46226fef1
200413000001344,200413000000335,edd91d28-2eb2-4046-b3a4-7fd38ef9e4c7
200413000001782,200413000000828,bccd0c1d-ab3a-410b-bc62-3be1d93fc1cc
200413000001263,200413000000244,6c11ddf9-936a-4daf-a81e-e68c12268c2a
200413000001748,200413000000789,5440933c-b12e-4ced-b03d-81dbbb5f6924
200413000001496,200413000000506,6721d15b-255c-49e6-9e9c-ed41c70ed8c9
200413000001826,200413000000877,8c17f8b5-70f1-4bea-8964-ae7217a2351b
200413000001045,200413000000007,7c7bd866-ef89-4d6c-8bcb-ac991003b03d
200413000001534,200413000000547,45f081db-cba0-4c76-9b12-a490533aa8e2
200413000001183,200413000000160,eb9bf001-0695-4cb4-bc88-c9e3afd17330
200413000001091,200413000000058,905a11a0-ca8f-4d08-a4e2-87341bf24ebf
200413000001238,200413000000217,5df7640e-7326-424f-98a3-a7e62a153d4a
200413000001567,200413000000582,a3b366cf-4ed6-4300-aa42-9407993bd7ec
200413000001181,200413000000157,5c962111-96c7-4fd0-9524-a215d438c683
200413000001599,200413000000620,4dc30db3-cbbf-4ba6-af9f-3faa24f10a8e
200413000001624,200413000000648,baa890bb-6df6-4b58-8821-0242c8fecc24
200413000001542,200413000000554,eeb5c050-8108-44d2-b4a9-cdfb10c3581a
200413000001524,200413000000536,ac30de8d-3cf5-47ad-8def-9e53f73b028a
200413000001796,200413000000842,9cd0de62-d5fb-4be2-ba6a-2b017deee5e9
200413000001134,200413000000105,d48a36bd-4361-4c5d-9b81-f3f51b9012e6
200413000001552,200413000000566,824c739a-fcb3-401b-8697-1272c4860de9
200413000001108,200413000000077,f35f396e-8117-4aad-9d70-bbeaa00e45bf
200413000001502,200413000000513,7835cdc3-27cc-411b-a269-85b0e61f8a03
200413000001097,200413000000065,8f4ee703-d59c-46c3-a033-da528b2f6d18
200413000001762,200413000000805,52c9cce6-0e0c-4d84-abe3-fb4427232475
200413000001219,200413000000195,b81b2df4-2945-45c7-9c7e-aaa4da2491bb
200413000001775,200413000000819,9c7012bd-9bc3-4531-99ec-ca25c2c87367
200413000001682,200413000000714,3c31ae97-7136-4037-bec6-7b130f1eda94
200413000001630,200413000000655,cefc3f30-3126-4377-b994-24a9c723b16b
200413000001905,200413000000960,a83ffb43-659f-42b9-aae5-21c8d2758d73
200413000001052,200413000000014,cff0e0fa-3bf3-4f0d-96bc-be183fb000aa
200413000001334,200413000000324,282bff6e-4ab3-4112-8acc-5734c0817a9f
200413000001046,200413000000008,bc12ccf5-4624-495b-b5c8-9cce498d12fd
200413000001744,200413000000785,2113c871-fb4c-4e1d-8ac6-6a5ac2121277
200413000001282,200413000000268,c19a3ff4-9cd1-4962-9701-c2a6df414870
200413000001486,200413000000494,991ad7c2-5545-4522-97a8-43c33a85ec66
200413000001708,200413000000742,acf9b663-5df3-4d64-bf46-4a1ae40924f9
200413000001804,200413000000851,3b39e745-ca93-436e-b66a-8b6e41ae8633
200413000001932,200413000000990,519ab10d-76f7-4abd-a4b5-cd6b3a619423
200413000001863,200413000000917,1fb11dd3-1b4d-42a5-acba-23746d859f91
200413000001470,200413000000474,d818c791-c17c-490e-be63-ba6c4c9f51be
200413000001563,200413000000577,ac831681-27b3-4af9-a6d6-09604a447b92
200413000001174,200413000000150,5b0e457a-a95a-49e4-a1ec-29e23f74b61b
200413000001419,200413000000417,813e5542-a367-449c-b6b9-929206c4adc7
200413000001198,200413000000176,94e586d0-8e25-4817-b370-0ff0d0368a04
200413000001284,200413000000270,37bfd7c6-9bf9-40d0-b291-66390e8360ab
200413000001131,200413000000101,aa925d9c-7532-4ad7-a1d1-7fdc9543aa4e
200413000001476,200413000000481,6ec753b5-feb0-49a9-9940-d25c9dab87e2
200413000001649,200413000000675,dcf9c052-6f66-4804-b381-182148cc4b00
200413000001286,200413000000274,2aebeff1-2f27-4ed1-8d6d-68024ef15cf6
200413000001404,200413000000403,a823499f-767f-4d88-9ad4-5d33b1980410
200413000001728,200413000000765,f673a4b3-f4fa-453a-91a9-0f3df163dc09
200413000001720,200413000000756,14d96c35-2d05-4915-943a-cad06cf19d49
200413000001250,200413000000231,fbd1e9e8-d37c-47fb-bea6-26a9e55f4878
200413000001809,200413000000856,991d9c1f-993b-4cf2-959d-bf9988056ec1
200413000001830,200413000000882,8ec3d1dc-4af1-44e0-a294-92a0e6ff8e0d
200413000001873,200413000000927,5c964bc7-268f-4d5d-8ff5-d3c5e20c9970
200413000001261,200413000000242,b65cfe94-0cc8-42e7-97aa-f4a456c437b0
200413000001620,200413000000641,f5e56ed2-a3b6-4947-a743-0d5dc5118dba
200413000001371,200413000000363,1e184ce2-0f0b-4179-ba14-03d6ca271e31
200413000001503,200413000000514,6d020398-1296-4028-ad4e-4a6c329759aa
200413000001480,200413000000486,dbd08e8c-03c2-4e1d-9d9f-2ea5b9d61514
200413000001727,200413000000764,26c7af9f-0f11-4abd-a44e-61ff9dffb34f
200413000001264,200413000000245,344e5e6a-af7c-4f4a-bf82-ffc632ebe0a1
200413000001129,200413000000098,fbc2d488-6531-411a-a550-206d5be8e8b0
200413000001878,200413000000932,f06d8c10-e8fa-4e45-bc7c-31ca493ab072
200413000001709,200413000000743,e74d2237-7a06-4fbf-9c25-8fe864f46751
200413000001405,200413000000404,2a6b050f-9467-49b0-ac5a-2a1ef5213ccc
200413000001613,200413000000633,6fb4e683-654f-4794-bb1f-415aabb5727b
200413000001047,200413000000009,54f866e1-c650-4612-bb47-5962dfeabbb1
200413000001331,200413000000321,895c80fb-e421-4e3b-b900-b2bbccf89051
200413000001422,200413000000421,d16e0aeb-2cb3-44d1-b95b-0479cc5e9647
200413000001579,200413000000596,1decff1c-dc1c-4e77-937c-0eaafcc1280c
200413000001831,200413000000883,d97d5840-f004-46da-aba3-2fc1756cbd7d
200413000001297,200413000000285,9de4fb78-33f4-4749-88fc-a897afd5088c
200413000001227,200413000000204,053e5d0c-9ebd-471a-b516-b5d2e86b4cf0
200413000001089,200413000000056,ca8f4eeb-110f-47de-95ca-05a95b4e76bd
200413000001633,200413000000659,4e19c10c-8e05-4426-9fff-888bb82f59df
200413000001114,200413000000083,4edbb03e-5f40-4259-9c41-fffe6fae970b
200413000001327,200413000000318,ca434188-5e0b-41ea-baa2-89d0eb134d7b
200413000001651,200413000000677,6d4c9135-939c-4d47-bbd2-f8231a90bbd4
200413000001107,200413000000076,1aed8b7f-1998-44fe-bf35-d91e0c39e60c
200413000001096,200413000000064,a75e9e2e-f0d1-4c9d-a8e9-97d8cee0ae28
200413000001109,200413000000078,932587f4-df59-4744-858a-938ac7b7b953
200413000001851,200413000000903,2e56f008-099c-43ee-8710-b1898ee33763
200413000001781,200413000000827,5b56b939-719a-4208-aa8e-e70a9f39b5c7
200413000001916,200413000000972,617e9828-a945-4ad3-9f67-724ed64811cc
200413000001425,200413000000426,c6312cc6-4e88-43f5-a7f5-66b9145c55fc
200413000001509,200413000000521,61c6492e-f619-43c8-b6a8-ef91938e0011
200413000001842,200413000000894,6bd1c767-1ffe-42c8-a975-da49cb98a4cb
200413000001753,200413000000795,7417e914-46cd-4825-af91-211895f2b470
200413000001453,200413000000455,01ef30b4-a7a6-4d8b-8c37-8961ee88d572
200413000001554,200413000000569,51d82e44-8243-4487-9487-120f3286f66b
200413000001800,200413000000846,37759c41-7020-4912-8f10-6c1e39c10498
200413000001115,200413000000084,a99c81d3-10b2-42a4-bf10-900958a52a03
200413000001820,200413000000871,3781b0bb-0ad9-4d4d-aa58-2704fcc4ed03
200413000001583,200413000000602,97ed6f7d-8e91-44a5-b9fb-2acfc820ad5b
200413000001105,200413000000074,6f3b7788-7bae-45e1-8c83-8d33b748ad60
200413000001824,200413000000875,6275640d-bc56-496b-bdd4-1b4fe48a55a2
200413000001835,200413000000888,8be9bd8b-4fa3-4319-8cbf-28c6de1c8f43
200413000001529,200413000000542,24fd5192-15f7-47c7-a83c-c686d492d25d
200413000001466,200413000000471,436d72c7-1f18-4d88-a85d-d2510da71555
200413000001421,200413000000419,b1cf537f-9936-4039-8d38-5508999842b5
200413000001459,200413000000462,94165ef9-1d33-4c6a-9a60-73ad5f4b675f
200413000001176,200413000000152,53a0dfbb-72df-4ff9-848a-5ee69afe518a
200413000001644,200413000000670,9d16c5ab-4174-493b-9b3d-1f1d08cf3e97
200413000001586,200413000000605,cc55ae2d-b38f-4f06-8b21-a41ebe9bbd8c
200413000001312,200413000000302,87e38af2-85be-4f04-9467-a7bc59e32b3a
200413000001760,200413000000803,9f2dc2df-febf-49de-8ccc-cb8d5be35202
200413000001396,200413000000392,bf7f7815-5b27-47c1-bf98-8cdc94ee544b
200413000001634,200413000000660,144e036b-b5f5-4599-b55a-66e611992ce9
200413000001645,200413000000671,9b8a78b5-ef7e-477b-8da0-0255c3a308a4
200413000001357,200413000000349,bab5587e-fed5-4e6d-849e-068947b66654
200413000001756,200413000000798,ad100904-e355-4b1f-9bf9-dba5086e576a
200413000001816,200413000000862,088f6938-fdf0-47fe-989d-5e304c7dbd29
200413000001759,200413000000801,c5f8aef6-a8fd-49bd-8d4e-970832850207
200413000001912,200413000000966,0d7122da-3fa0-46e3-87ab-2a24e1ea9acd
200413000001769,200413000000812,1bef063a-6cbd-4538-9190-d1643184ef15
200413000001346,200413000000337,04a81ea0-7da3-4ca2-999b-a0c64f717eb4
200413000001380,200413000000374,c9329204-526d-45a7-920f-0edec6524906
200413000001367,200413000000357,90ee8570-8b32-4134-8968-e83418a011f1
200413000001488,200413000000496,47a1bce4-fd02-492f-8642-0fc16004bccc
200413000001895,200413000000949,62652004-bd71-401d-b7e5-f3cc0240de26
200413000001365,200413000000355,2fcd6ea7-e229-4872-83eb-0e587fb53fba
200413000001627,200413000000651,d4c372ac-54e8-4f29-888f-28146165d5aa
200413000001275,200413000000259,0e80afa5-3329-484d-b6c0-45192a8edc1c
200413000001463,200413000000468,847b6541-674b-42ef-88b9-1369c13170dd
200413000001148,200413000000124,cd1a0ea0-a972-4aa3-afe3-5e9836c3d480
200413000001837,200413000000890,2638e710-85f5-4836-9b3c-14dce3d08c28
200413000001780,200413000000826,cb6ae14b-162f-4d9d-b7a1-7f244c3e03a2
200413000001319,200413000000310,775b6eeb-5b66-4c92-8617-20ed27e3595b
200413000001638,200413000000664,85a73a2b-97df-4669-b5a6-52f0cae19b4e
200413000001575,200413000000591,1703be6d-5edd-4906-986c-6ccb7cd466ed
200413000001657,200413000000683,fd89c773-56c2-4e23-80b3-e446f80366b0
200413000001128,200413000000097,1d9c4868-e8e3-41f2-b8f3-d5b831639c27
200413000001922,200413000000979,089a322f-dd65-47e8-9c45-41051f5588de
200413000001668,200413000000696,253ba284-c2d6-46b8-ac6d-014201005ac4
200413000001588,200413000000607,dd1f7252-2687-4321-8c4a-ac7c2c27f74a
200413000001179,200413000000155,54430de5-dee2-469d-a2d2-1fbdd80321c3
200413000001516,200413000000529,ade25eb2-b11e-427f-be19-7a106c466b19
200413000001911,200413000000965,f63f9128-5d28-4462-8f44-47494f800e9c
200413000001110,200413000000079,3ff739a9-ed6a-49a3-9724-bd5303c04544
200413000001560,200413000000574,8cd513c5-3422-423a-8e0a-4411041f3ef0
200413000001857,200413000000910,ef70c94a-3869-4d35-abcc-043b254a8ff6
200413000001393,200413000000389,9d89c892-5d09-4141-93b8-581f88c5d18f
200413000001171,200413000000147,9b22669f-7ec1-403c-9811-cf5f9922db31
200413000001934,200413000000992,3af80fbd-c0e2-4027-bc79-4280a4b33cf9
200413000001253,200413000000234,c1abc56d-5fec-43a0-9c9d-a9ddfc0ea1b4
200413000001440,200413000000440,8243a35e-dfc2-4030-810a-17e3c34f7d07
200413000001887,200413000000941,bc4baf65-cd4d-4e43-82f6-3884b3792882
200413000001495,200413000000505,3cb7f576-2311-43e2-8450-0d03dd6bea22
200413000001623,200413000000647,b6685bda-966d-49dc-a619-6fcbc3ce52d3
200413000001548,200413000000563,7c123a3b-1a36-4036-9be8-8e91cb8522c6
200413000001703,200413000000735,8cec41a1-b05b-4486-bf69-1e8f3f2990ba
200413000001085,200413000000052,589e26da-d74a-41fa-924d-2ccbabd58c56
200413000001499,200413000000509,698cde40-1f8b-4f03-9cd3-ed102e6a2940
200413000001456,200413000000458,9806f221-0e04-4f94-9a7f-f226bcaf7f0a
200413000001441,200413000000441,601a02c4-7a2b-4983-a942-4e8ca3523104
200413000001860,200413000000913,ff2c6d1d-c94c-4e07-9f67-57ddedfee97f
200413000001205,200413000000181,c78cf64f-e8c5-424d-bf2d-fb1e9f5f9960
200413000001330,200413000000320,e714d5ca-cab7-4770-98d2-a1b001b98cd2
200413000001326,200413000000317,d6bb9408-b915-4dff-9c65-e959792c7d8e
200413000001065,200413000000030,fa72e42b-3da5-4bdc-90b6-e407f9223efe
200413000001807,200413000000854,09bc596f-28a2-4831-bb5c-04b237a9875d
200413000001247,200413000000228,60b14e66-6e19-4e49-a97c-eba3eec99f9d
200413000001795,200413000000840,3b9000b3-809e-4bb8-aa10-02bf736331d1
200413000001402,200413000000399,823368eb-0908-4647-a3de-3aa952545ec7
200413000001882,200413000000936,47f3004e-65f2-485d-bd04-224f403b3e47
200413000001622,200413000000645,764fbd68-56f0-4366-92b4-bef71e5cb510
200413000001779,200413000000824,c6d08f21-4b92-4204-9ce5-479cd6cfd8fd
200413000001729,200413000000766,f3842e23-1c8b-46d4-bdea-848d1d6412e9
200413000001761,200413000000804,dbb422c0-af68-48ee-bd45-f13a4d8fa78c
200413000001797,200413000000843,86ab5abb-b1e0-448a-ad2b-3c8819a17f1a
200413000001224,200413000000201,f78a90b5-f88c-4d9e-9e8d-438c2aebf277
200413000001906,200413000000961,18a9f33e-42e4-429b-9ab3-0885e686b35c
200413000001512,200413000000524,d89beb0f-4815-4fe2-9000-71dbc65a7599
200413000001212,200413000000188,41fce00f-19b1-4449-abcd-275c9c3176cc
200413000001774,200413000000818,6a16c1bc-948f-4766-af14-7263a130cb63
200413000001865,200413000000919,b27702f7-cc06-4b69-ad7e-3df363befa14
200413000001230,200413000000207,40d20bf1-4d3f-4423-b3ef-91cfe4e87516
200413000001890,200413000000944,790a6e19-161c-452b-b07c-5bf6c0f043cc
200413000001248,200413000000229,b5f618dc-bfd7-4d07-82c6-23165d95e849
200413000001489,200413000000497,59ff0cc1-7af8-4d93-bbae-6dbbc3b53ca8
200413000001611,200413000000631,0abab330-4aa5-4900-b730-15cc8874ff76
200413000001155,200413000000131,4a264e0e-6660-48c5-8d01-408458c9fc61
200413000001581,200413000000600,0df76c8b-7466-4810-aa1a-31b3d32e299b
200413000001136,200413000000107,7abc016d-9b0a-47ce-9e4a-88e81c77f393
200413000001776,200413000000820,596a1c4f-d4c1-4bcc-9112-5ae289d98653
200413000001296,200413000000284,41d65f93-8ab9-41ef-9991-453f057a7d54
200413000001449,200413000000451,b422f4fb-875e-433c-9de2-cd06000de571
200413000001510,200413000000522,25377cb0-1982-4720-addc-668ffd00c388
200413000001609,200413000000629,ac15940c-7751-4b00-9da6-545532c3b923
200413000001249,200413000000230,6f788738-c1c2-435f-bda5-e5df8a385372
200413000001193,200413000000172,f2c01e67-57b7-4516-9e6c-4f078cdc0c46
200413000001243,200413000000223,7aed2e17-463a-4ef5-aab3-eaabd1dd6ddb
200413000001451,200413000000453,18b487d5-ccf7-497c-8ccf-aa5ef52a8758
200413000001844,200413000000896,385d0d26-4e6c-4480-a69a-208939c16d2a
200413000001465,200413000000470,1f6a8943-f2a1-4a24-a1e1-b7ee2e7ed332